branch	site	codon_from	codon_to	aa_from	aa_to	string	non_synonymous
199	152	GTT	ATT	V	I	V152I	*
61	358	GGG	GGA	G	G	G358G	
101	342	ACA	ACW	T	T	T342T	
62	389	CAG	MAG	Q	*	Q389*	*
48	80	GTG	GTA	V	V	V80V	
48	187	GCC	RCC	A	*	A187*	*
48	227	ATG	ATT	M	I	M227I	*
48	398	AAC	AAT	N	N	N398N	
48	546	AGA	AAA	R	K	R546K	*
111	112	GAA	AAA	E	K	E112K	*
125	134	GCA	AYA	A	*	A134*	*
125	162	AAC	ARC	N	*	N162*	*
125	190	AGT	MGT	S	*	S190*	*
125	222	GAT	GRT	D	*	D222*	*
125	224	GAA	GRA	E	*	E224*	*
125	253	TAT	TTT	Y	F	Y253F	*
125	317	GGA	GGG	G	G	G317G	
125	372	ATT	ATC	I	I	I372I	
125	387	AAT	AAC	N	N	N387N	
123	74	AGA	AGG	R	R	R74R	
123	293	CAG	CAT	Q	H	Q293H	*
123	376	ACT	ACC	T	T	T376T	
123	407	CTA	CTG	L	L	L407L	
299	442	GTG	GTT	V	V	V442V	
299	528	GTC	ATC	V	I	V528I	*
305	16	GTA	GTC	V	V	V16V	
305	33	CTG	CTA	L	L	L33L	
305	127	GAC	GAT	D	D	D127D	
305	272	GTC	ATC	V	I	V272I	*
305	379	GTA	GTG	V	V	V379V	
2	45	AGA	GGA	R	G	R45G	*
2	223	CAA	CGA	Q	R	Q223R	*
2	270	ACA	ACG	T	T	T270T	
2	282	CCC	GCC	P	A	P282A	*
2	298	ATC	GTC	I	V	I298V	*
68	162	AAC	AMC	N	*	N162*	*
68	321	GTC	ATC	V	I	V321I	*
179	313	AGA	AGG	R	R	R313R	
179	544	CAG	CAA	Q	Q	Q544Q	
50	33	CTG	CTA	L	L	L33L	
50	64	AAT	AAC	N	N	N64N	
50	130	AAA	AAT	K	N	K130N	*
50	283	GAG	GAA	E	E	E283E	
50	451	AAC	AGC	N	S	N451S	*
306	137	CCT	TCT	P	S	P137S	*
347	235	GAG	GAC	E	D	E235D	*
347	282	CCC	CCT	P	P	P282P	
347	520	GTC	GCC	V	A	V520A	*
117	223	CAA	CGA	Q	R	Q223R	*
43	173	GTC	ATC	V	I	V173I	*
43	218	CCC	SCC	P	*	P218*	*
18	366	AAG	AAA	K	K	K366K	
18	434	ACT	AYT	T	*	T434*	*
18	441	AAT	AAW	N	*	N441*	*
141	344	ATG	RTG	M	*	M344*	*
35	324	ATT	ATA	I	I	I324I	
107	218	CCC	SCC	P	*	P218*	*
278	260	GAT	GAC	D	D	D260D	
278	525	GTA	GTG	V	V	V525V	
22	36	AAG	AAA	K	K	K36K	
22	83	TCT	TCC	S	S	S83S	
22	164	ACC	AYC	T	*	T164*	*
22	273	CAC	CAT	H	H	H273H	
78	28	CAC	CAT	H	H	H28H	
78	129	GAC	RAC	D	*	D129*	*
78	425	CTG	TTG	L	L	L425L	
222	321	GTC	GTT	V	V	V321V	
350	431	AAT	AAC	N	N	N431N	
350	472	GAT	GAC	D	D	D472D	
14	411	GTT	GTG	V	V	V411V	
228	523	TCA	TCG	S	S	S523S	
157	156	AAT	AAW	N	*	N156*	*
292	305	AAG	AAA	K	K	K305K	
292	313	AGA	AGG	R	R	R313R	
178	222	GAT	GRT	D	*	D222*	*
178	223	CAA	CRA	Q	*	Q223*	*
293	152	GTT	ATT	V	I	V152I	*
293	331	GGG	GGA	G	G	G331G	
293	395	AAA	AAG	K	K	K395K	
93	260	GAT	GAC	D	D	D260D	
93	509	AGG	AGA	R	R	R509R	
126	35	GAC	TAC	D	Y	D35Y	*
126	39	GGA	GGG	G	G	G39G	
126	190	AGT	AGK	S	*	S190*	*
73	62	CTG	TTG	L	L	L62L	
73	398	AAC	AAT	N	N	N398N	
73	423	GCC	GCT	A	A	A423A	
73	474	ACA	GCA	T	A	T474A	*
73	534	AGC	AGT	S	S	S534S	
191	47	GTA	GTT	V	V	V47V	
191	66	GAG	GAA	E	E	E66E	
191	186	GCT	ACT	A	T	A186T	*
191	437	TAT	TAC	Y	Y	Y437Y	
17	133	ACG	ACA	T	T	T133T	
17	137	CCT	TCT	P	S	P137S	*
17	141	GCA	GAA	A	E	A141E	*
17	225	GGG	GGA	G	G	G225G	
17	300	ATT	ATG	I	M	I300M	*
17	399	CAC	CAT	H	H	H399H	
98	61	ATC	ATT	I	I	I61I	
98	224	GAA	RAA	E	*	E224*	*
98	236	CCG	CCA	P	P	P236P	
98	242	TTC	TTT	F	F	F242F	
130	266	ATC	GTC	I	V	I266V	*
130	511	TAC	TAT	Y	Y	Y511Y	
173	335	GGC	GGT	G	G	G335G	
173	363	GCC	GCT	A	A	A363A	
11	102	AGA	ARA	R	*	R102*	*
92	410	AAA	ARA	K	*	K410*	*
119	35	GAC	GGC	D	G	D35G	*
119	522	AGT	AGC	S	S	S522S	
95	243	GAA	GAG	E	E	E243E	
95	410	AAA	AAG	K	K	K410K	
95	485	GAC	GAA	D	E	D485E	*
26	162	AAC	AAM	N	*	N162*	*
26	425	CTG	TTG	L	L	L425L	
345	133	ACG	ACA	T	T	T133T	
345	243	GAA	GAG	E	E	E243E	
118	121	AGT	AGG	S	R	S121R	*
118	145	TAC	TAT	Y	Y	Y145Y	
118	350	GGT	GGC	G	G	G350G	
31	164	ACC	ATC	T	I	T164I	*
31	235	GAA	AAA	E	K	E235K	*
31	510	ATC	GTC	I	V	I510V	*
247	74	AGA	AGG	R	R	R74R	
147	334	GCC	KCC	A	*	A334*	*
287	16	GTA	GTG	V	V	V16V	
287	130	AAA	AAT	K	N	K130N	*
287	156	AAT	AAA	N	K	N156K	*
287	246	GGA	GGT	G	G	G246G	
287	250	GTA	GCA	V	A	V250A	*
287	337	ATT	ATC	I	I	I337I	
287	393	GTG	GTT	V	V	V393V	
287	410	AAA	AAG	K	K	K410K	
287	506	GAA	GAC	E	D	E506D	*
3	17	GAC	GAT	D	D	D17D	
3	55	TGT	TGC	C	C	C55C	
3	68	GAA	GAC	E	D	E68D	*
3	82	ACA	ACG	T	T	T82T	
3	89	ACG	ACA	T	T	T89T	
3	121	AGT	AAT	S	N	S121N	*
3	161	CTC	ATC	L	I	L161I	*
3	274	GAT	GAC	D	D	D274D	
3	281	ACA	ACC	T	T	T281T	
3	289	AGC	AGT	S	S	S289S	
3	302	AAA	ACA	K	T	K302T	*
3	349	TAC	TAT	Y	Y	Y349Y	
3	356	GAG	GAA	E	E	E356E	
3	404	ATA	ATG	I	M	I404M	*
3	405	GAG	GAA	E	E	E405E	
3	458	AAG	AAA	K	K	K458K	
3	496	AAC	AGC	N	S	N496S	*
3	506	GAA	GAC	E	D	E506D	*
184	295	GTA	GTG	V	V	V295V	
39	138	CAC	CAA	H	Q	H138Q	*
39	174	CTC	CTA	L	L	L174L	
39	211	AAG	AAA	K	K	K211K	
39	427	GTT	GTC	V	V	V427V	
39	439	GAT	GAC	D	D	D439D	
89	331	GGG	GGR	G	G	G331G	
72	47	GTA	ATA	V	I	V47I	*
72	57	ATT	GTT	I	V	I57V	*
72	156	AAT	ATT	N	I	N156I	*
72	199	GTT	ATT	V	I	V199I	*
72	218	CCC	SCC	P	*	P218*	*
300	66	GAG	GAA	E	E	E66E	
300	260	GAT	AAT	D	N	D260N	*
300	437	TAT	TAC	Y	Y	Y437Y	
300	515	GCG	GCA	A	A	A515A	
355	33	CTA	CTG	L	L	L33L	
355	39	GGG	GGA	G	G	G39G	
355	74	AGC	AGT	S	S	S74S	
355	83	CCT	TCT	P	S	P83S	*
355	84	AGT	AAT	S	N	S84N	*
355	97	GAT	AAT	D	N	D97N	*
355	138	CAT	CAC	H	H	H138H	
355	147	AAT	AAC	N	N	N147N	
355	148	TTA	TTG	L	L	L148L	
355	161	CTC	CTT	L	L	L161L	
355	162	AGC	AAC	S	N	S162N	*
355	163	AAA	CAA	K	Q	K163Q	*
355	176	CTA	CTG	L	L	L176L	
355	185	AGT	ACT	S	T	S185T	*
355	203	TCA	ACA	S	T	S203T	*
355	216	ATA	ACA	I	T	I216T	*
355	256	GCA	ACA	A	T	A256T	*
355	280	CAA	CAG	Q	Q	Q280Q	
355	283	AAG	GAG	K	E	K283E	*
355	305	AAA	AAG	K	K	K305K	
355	321	ATC	GTT	I	V	I321V	*
355	330	TTT	TTC	F	F	F330F	
355	335	GGT	GGC	G	G	G335G	
355	369	CAG	CAA	Q	Q	Q369Q	
355	374	GAG	AAG	E	K	E374K	*
355	393	GTA	GTG	V	V	V393V	
355	407	TTA	CTA	L	L	L407L	
355	437	TAC	TAT	Y	Y	Y437Y	
355	445	TTA	TTG	L	L	L445L	
355	448	AAG	AAA	K	K	K448K	
355	451	AGC	AAC	S	N	S451N	*
355	453	CTA	TTA	L	L	L453L	
355	499	GAA	AAA	E	K	E499K	*
355	534	AGT	AGC	S	S	S534S	
142	141	GCA	TCA	A	S	A141S	*
142	190	AGT	MGT	S	*	S190*	*
47	179	ATT	ATC	I	I	I179I	
45	218	CCC	SCC	P	*	P218*	*
54	413	GAT	GAC	D	D	D413D	
113	100	GAG	GAA	E	E	E100E	
113	441	AAT	AAK	N	*	N441*	*
124	43	AAA	ACA	K	T	K43T	*
124	62	CTG	CTA	L	L	L62L	
124	480	AAG	AAA	K	K	K480K	
136	451	AAC	AAT	N	N	N451N	
136	544	CAG	CAA	Q	Q	Q544Q	
38	65	CCA	CCG	P	P	P65P	
38	70	CTC	ATC	L	I	L70I	*
38	129	GAC	GRC	D	*	D129*	*
38	387	AAT	AAC	N	N	N387N	
85	63	GGA	AGA	G	R	G63R	*
122	13	ACA	ACG	T	T	T13T	
122	262	GGA	GAA	G	E	G262E	*
122	489	TAC	TAT	Y	Y	Y489Y	
210	120	ACA	GCA	T	A	T120A	*
42	75	TCA	TCT	S	S	S75S	
42	347	GGA	GGG	G	G	G347G	
233	322	CCG	CAG	P	Q	P322Q	*
233	370	AAT	AGT	N	S	N370S	*
40	211	AAG	AAT	K	N	K211N	*
349	100	GAG	GAA	E	E	E100E	
349	120	ACA	GCA	T	A	T120A	*
349	147	AAC	AAT	N	N	N147N	
349	385	AAG	AAA	K	K	K385K	
349	428	CTA	CTG	L	L	L428L	
183	211	AAG	AAA	K	K	K211K	
183	233	CTA	ATA	L	I	L233I	*
183	463	GGC	GGA	G	G	G463G	
183	520	GTC	GCC	V	A	V520A	*
103	189	CAA	CAG	Q	Q	Q189Q	
103	250	GTA	GTG	V	V	V250V	
103	446	TAT	TAC	Y	Y	Y446Y	
346	104	CAA	CAG	Q	Q	Q104Q	
346	130	AAA	AAT	K	N	K130N	*
346	138	CAC	CAT	H	H	H138H	
346	160	AAG	ATG	K	M	K160M	*
346	216	ACA	AAA	T	K	T216K	*
346	296	CAT	AAT	H	N	H296N	*
346	343	GGG	GGA	G	G	G343G	
346	452	CAG	CAA	Q	Q	Q452Q	
127	209	AAG	ATG	K	M	K209M	*
127	224	GAA	AAA	E	K	E224K	*
127	251	CCG	CCA	P	P	P251P	
282	36	AAG	AAA	K	K	K36K	
216	48	GCC	TCC	A	S	A48S	*
216	266	ATC	GTC	I	V	I266V	*
52	131	GGT	GGC	G	G	G131G	
52	218	CCC	SCC	P	*	P218*	*
52	489	TAC	TAT	Y	Y	Y489Y	
285	209	AAG	ATG	K	M	K209M	*
285	280	CAG	CAA	Q	Q	Q280Q	
25	187	GCC	GTC	A	V	A187V	*
25	264	GGT	GGC	G	G	G264G	
197	244	GCA	GCG	A	A	A244A	
116	44	CTA	CTG	L	L	L44L	
116	63	GGA	GGG	G	G	G63G	
116	97	AAT	AAC	N	N	N97N	
116	165	TAC	TTC	Y	F	Y165F	*
116	212	CCG	CCA	P	P	P212P	
116	271	CCA	TCA	P	S	P271S	*
116	475	TGC	TGT	C	C	C475C	
116	476	ATG	GTG	M	V	M476V	*
116	510	ATC	ACC	I	T	I510T	*
169	296	AAT	AAY	N	N	N296N	
169	412	GAT	RAT	D	*	D412*	*
44	162	AAC	ARC	N	*	N162*	*
44	271	CCA	TCA	P	S	P271S	*
256	180	CAC	CAT	H	H	H180H	
256	508	ACA	ACG	T	T	T508T	
128	66	GAG	GAA	E	E	E66E	
128	279	TGT	TGC	C	C	C279C	
128	307	GTA	GTG	V	V	V307V	
128	385	AAG	AAA	K	K	K385K	
128	453	TTA	CTA	L	L	L453L	
128	475	TGC	TGT	C	C	C475C	
128	530	CTG	TTG	L	L	L530L	
128	543	CTA	TTA	L	L	L543L	
288	161	CTC	ATC	L	I	L161I	*
182	45	AGA	AGG	R	R	R45R	
182	129	AAC	GAC	N	D	N129D	*
182	130	AAA	AAT	K	N	K130N	*
182	137	CCT	TCT	P	S	P137S	*
182	156	AAT	AAA	N	K	N156K	*
182	211	AAA	AGA	K	R	K211R	*
182	397	TTC	TTT	F	F	F397F	
36	285	GCT	TCT	A	S	A285S	*
309	155	GGA	GGG	G	G	G155G	
121	190	AGT	CGT	S	R	S190R	*
121	222	GAT	RAT	D	*	D222*	*
121	412	GAT	RAT	D	*	D412*	*
121	514	TTG	CTG	L	L	L514L	
139	187	GAC	GTC	D	V	D187V	*
8	263	TCT	TCA	S	S	S263S	
8	272	GTC	ATC	V	I	V272I	*
8	393	GTG	GTA	V	V	V393V	
8	534	AGC	AGT	S	S	S534S	
91	127	GAC	GAM	D	*	D127*	*
57	16	GTA	TTA	V	L	V16L	*
310	280	CAG	CAA	Q	Q	Q280Q	
310	294	AAT	AGT	N	S	N294S	*
220	233	CTA	TTA	L	L	L233L	
33	187	GCC	GTC	A	V	A187V	*
33	360	GGA	GGG	G	G	G360G	
13	218	CCC	SCC	P	*	P218*	*
13	271	CCA	CCG	P	P	P271P	
7	58	GCT	GCA	A	A	A58A	
7	273	CAC	CAT	H	H	H273H	
129	135	GCA	KCA	A	*	A135*	*
129	187	GAC	AAC	D	N	D187N	*
129	285	GCT	GCC	A	A	A285A	
79	155	GGA	GGG	G	G	G155G	
79	208	AAG	AAA	K	K	K208K	
79	218	CCC	SCC	P	*	P218*	*
79	441	AAT	AAC	N	N	N441N	
79	518	TCA	TCG	S	S	S518S	
74	127	GAC	RAC	D	*	D127*	*
74	164	ACC	AYC	T	*	T164*	*
150	198	TAT	TAY	Y	Y	Y198Y	
53	164	ACC	AYC	T	*	T164*	*
53	187	GCC	GYC	A	*	A187*	*
53	222	GAT	GRT	D	*	D222*	*
53	514	TTG	CTG	L	L	L514L	
240	290	CTC	CTT	L	L	L290L	
175	183	CCT	TCT	P	S	P183S	*
175	223	CAA	CGA	Q	R	Q223R	*
146	483	ACT	AMT	T	*	T483*	*
104	224	GAA	RAA	E	*	E224*	*
104	479	GTC	GTA	V	V	V479V	
104	524	TTG	TTA	L	L	L524L	
267	374	AAG	GAG	K	E	K374E	*
97	156	AAT	ACT	N	T	N156T	*
97	187	GAC	GAT	D	D	D187D	
97	218	CCC	SCC	P	*	P218*	*
96	128	TCG	TCA	S	S	S128S	
96	129	GAC	AAC	D	N	D129N	*
96	230	TAC	CAC	Y	H	Y230H	*
269	24	GTA	GTG	V	V	V24V	
149	373	GAT	RAT	D	*	D373*	*
115	218	CCC	SCC	P	*	P218*	*
115	384	GAA	AAA	E	K	E384K	*
115	443	AAG	ATG	K	M	K443M	*
41	218	CCC	SCC	P	*	P218*	*
41	356	GAG	GAA	E	E	E356E	
246	138	CAC	CAA	H	Q	H138Q	*
246	180	CAC	CAT	H	H	H180H	
15	224	GAA	RAA	E	*	E224*	*
253	321	GTC	GTT	V	V	V321V	
114	187	GAC	GRC	D	*	D187*	*
21	20	CTA	TTA	L	L	L20L	
21	61	ATC	ATT	I	I	I61I	
21	162	AAC	AAT	N	N	N162N	
21	271	CCA	TCA	P	S	P271S	*
268	390	TTC	TTT	F	F	F390F	
49	59	GGC	GGA	G	G	G59G	
49	218	CCC	SCC	P	*	P218*	*
49	474	ACA	ATA	T	I	T474I	*
99	162	AAC	AAA	N	K	N162K	*
76	426	TTG	TTA	L	L	L426L	
311	370	AAT	GAT	N	D	N370D	*
1	78	TAC	TAT	Y	Y	Y78Y	
1	185	ACT	ATT	T	I	T185I	*
1	322	CCG	CCT	P	P	P322P	
1	371	GCC	GCT	A	A	A371A	
1	410	AAA	AAG	K	K	K410K	
1	451	AAC	ACC	N	T	N451T	*
354	31	AAC	AAT	N	N	N31N	
354	74	AGT	AGA	S	R	S74R	*
354	115	GAG	GAA	E	E	E115E	
354	124	CCC	CCT	P	P	P124P	
354	151	CTA	CTG	L	L	L151L	
354	161	CTT	CTC	L	L	L161L	
354	164	TCC	ACC	S	T	S164T	*
354	295	ATA	GTA	I	V	I295V	*
354	301	GGA	GGG	G	G	G301G	
354	321	GTT	GTC	V	V	V321V	
354	364	GAC	GAT	D	D	D364D	
354	373	GAC	GAT	D	D	D373D	
354	400	CTG	CTT	L	L	L400L	
354	429	TTG	CTG	L	L	L429L	
354	474	ACG	ACA	T	T	T474T	
354	480	AAA	AAG	K	K	K480K	
354	502	GGG	GGA	G	G	G502G	
354	510	ATT	ATC	I	I	I510I	
205	381	TCT	TCA	S	S	S381S	
205	460	ATT	GTT	I	V	I460V	*
0	127	GAC	GAS	D	*	D127*	*
0	191	CTC	MTC	L	*	L191*	*
4	99	GAG	GAR	E	E	E99E	
4	216	ACA	ASA	T	*	T216*	*
4	223	CAA	CRA	Q	*	Q223*	*
9	45	AGA	AAA	R	K	R45K	*
9	75	TCA	TCG	S	S	S75S	
203	290	CTC	CTA	L	L	L290L	
75	296	CAT	AAT	H	N	H296N	*
75	298	ATT	ATC	I	I	I298I	
75	334	GCT	GCC	A	A	A334A	
75	343	GGG	GGA	G	G	G343G	
75	452	CAG	CAA	Q	Q	Q452Q	
75	504	AAG	AAA	K	K	K504K	
75	520	GTT	GCC	V	A	V520A	*
342	22	AAG	AAA	K	K	K22K	
342	136	TGT	TGC	C	C	C136C	
342	161	CTC	CTA	L	L	L161L	
342	242	TTC	TTT	F	F	F242F	
100	86	GAC	AAC	D	N	D86N	*
19	120	ACA	ACG	T	T	T120T	
19	137	CCT	CCC	P	P	P137P	
19	178	GGC	GGG	G	G	G178G	
19	179	ATT	ATC	I	I	I179I	
232	64	AAT	GAT	N	D	N64D	*
135	175	GTG	TTG	V	L	V175L	*
202	45	AGA	AAA	R	K	R45K	*
202	120	ACA	ATA	T	I	T120I	*
105	137	CCT	TCT	P	S	P137S	*
105	190	AGT	AGK	S	*	S190*	*
105	318	TTG	TTA	L	L	L318L	
105	392	GCA	GCG	A	A	A392A	
194	128	TCG	TCA	S	S	S128S	
84	526	CTG	CTA	L	L	L526L	
56	162	AAC	ARC	N	*	N162*	*
90	156	AAT	AAA	N	K	N156K	*
90	195	GCA	GAA	A	E	A195E	*
90	261	GCT	ACT	A	T	A261T	*
90	274	GAT	AAT	D	N	D274N	*
90	454	AAA	AAG	K	K	K454K	
90	482	GGG	GAG	G	E	G482E	*
90	497	AGA	AGG	R	R	R497R	
90	515	GCG	GCA	A	A	A515A	
63	378	AAA	AAG	K	K	K378K	
81	222	GAT	GRT	D	*	D222*	*
239	49	CCA	CCC	P	P	P49P	
239	436	GAC	GAT	D	D	D436D	
343	138	CAT	CTT	H	L	H138L	*
343	205	AGA	AAA	R	K	R205K	*
343	504	AAG	AAA	K	K	K504K	
348	260	AAT	GAT	N	D	N260D	*
353	183	TCT	CCT	S	P	S183P	*
12	73	GCA	GCC	A	A	A73A	
12	222	GAT	AAT	D	N	D222N	*
12	277	ACA	GCA	T	A	T277A	*
12	498	GAA	GAG	E	E	E498E	
120	125	AAT	AAC	N	N	N125N	
120	349	TAC	TAT	Y	Y	Y349Y	
120	543	CTA	TTA	L	L	L543L	
279	155	GGA	GGG	G	G	G155G	
279	156	AAA	AAG	K	K	K156K	
174	46	GGG	GGA	G	G	G46G	
174	155	GGA	GGG	G	G	G155G	
174	410	AAA	AAG	K	K	K410K	
174	444	AAC	AAT	N	N	N444N	
176	118	CCC	CCA	P	P	P118P	
176	120	ACA	GCA	T	A	T120A	*
176	219	AAA	AGA	K	R	K219R	*
176	524	TTG	CTG	L	L	L524L	
80	45	AGA	AAA	R	K	R45K	*
80	216	ACA	ATA	T	I	T216I	*
80	291	CCA	CCG	P	P	P291P	
29	218	CCC	SCC	P	*	P218*	*
29	290	CTA	YTA	L	L	L290L	
29	356	GAG	GAT	E	D	E356D	*
29	482	GGG	GGA	G	G	G482G	
29	527	GTA	TTA	V	L	V527L	*
275	190	AGT	AGC	S	S	S190S	
275	306	TAT	TAC	Y	Y	Y306Y	
275	520	GTT	GCT	V	A	V520A	*
108	26	GTA	GTC	V	V	V26V	
108	357	CAG	CAA	Q	Q	Q357Q	
20	132	GTA	GTG	V	V	V132V	
20	219	AAA	AAG	K	K	K219K	
20	499	AAA	AGA	K	R	K499R	*
234	104	CAA	CAG	Q	Q	Q104Q	
234	137	CCT	TCT	P	S	P137S	*
234	148	TTG	TTA	L	L	L148L	
234	179	ATT	ATC	I	I	I179I	
234	205	AGA	AAA	R	K	R205K	*
6	316	ACA	ACG	T	T	T316T	
6	381	TCT	TCC	S	S	S381S	
193	236	CCG	CCA	P	P	P236P	
263	187	GAC	GCC	D	A	D187A	*
263	189	CAA	GAA	Q	E	Q189E	*
263	298	ATC	ATT	I	I	I298I	
55	22	AAG	AAA	K	K	K22K	
55	269	GAT	GAC	D	D	D269D	
87	218	CCC	SCC	P	*	P218*	*
265	155	GGA	AGA	G	R	G155R	*
265	285	GCT	GCC	A	A	A285A	
265	394	GGT	GGC	G	G	G394G	
265	451	AAC	ACC	N	T	N451T	*
219	515	GCG	GCA	A	A	A515A	
272	543	CTA	TTA	L	L	L543L	
37	30	GTC	GTA	V	V	V30V	
301	30	GTT	GTC	V	V	V30V	
301	129	AAC	GAC	N	D	N129D	*
301	185	ACT	ATT	T	I	T185I	*
301	235	GAG	GAA	E	E	E235E	
301	334	GCC	GCT	A	A	A334A	
301	520	GTC	GTT	V	V	V520V	
106	218	CCC	SCC	P	*	P218*	*
106	243	GAA	GAG	E	E	E243E	
106	411	GTT	ATT	V	I	V411I	*
